# Redirects from what the browser requests to what we serve
/u/simple-template      /template
/template/              /template
/admin#/                /admin/
/ventilation            /docs/airflow-solutions
/lighting               /docs/lighting-solutions
/drome                  /play
/drome/                 /play
/designer               /design
/tomato                 /docs/plant-species
/docs                   /docs/begin-your-journey
/docs/                  /docs/begin-your-journey